Employee_ID,Name,Age,Department,Joining_Date,Salary,Email,Phone,Address
1,Allison Hill,28,HR,2019-06-02,95447.3,rhodespatricia@garza.com,338-908-3863,"26542 Susan Junction Apt. 161, Melanieview, AZ 96148"
2,Calvin Nielsen,36,Finance,2016-12-17,38256.1,barbara10@hotmail.com,413.164.7525,"192 Frank Light Suite 835, East Lydiamouth, KY 09176"
3,Tommy Walter,27,Support,2020-12-22,95363.44,pfoster@thomas-taylor.net,+1-496-965-3287,"22691 James Mountain, Tashatown, VA 15515"
4,Kimberly Adams,55,HR,2021-05-29,81096.79,ryan70@liu.com,148.932.5288x09570,"3039 Christopher Oval Apt. 822, Arroyoburgh, NC 80008"
5,Daniel Ryan,23,HR,2019-01-16,33901.05,pcarney@yahoo.com,871.331.5098x393,"10518 Joshua Oval, New David, OK 76026"
6,Richard Aguirre,35,Marketing,2018-11-11,82191.78,hopkinsmichael@owens-daniel.com,6513338726,"17810 Tanya Terrace Apt. 267, Lewisfurt, AR 22080"
7,William Baker,56,Finance,2023-05-13,93021.86,uhorton@hotmail.com,+1-723-430-9805x00978,"PSC 8208, Box 1219, APO AE 89002"
8,Jennifer David,55,Sales,2025-04-24,45941.86,harveyrobert@cunningham.com,462.475.1079,"Unit 1183 Box 8425, DPO AE 32519"
9,Christopher Bass,58,Engineering,2020-10-07,101895.89,sarah12@wilson-rodriguez.net,(449)353-4874,"PSC 0164, Box 0052, APO AP 34836"
10,Jeremy Thornton,21,Finance,2025-03-01,91323.24,jonesnicole@gardner.org,+1-262-045-0533,"692 Michelle Union Apt. 602, Kimberlychester, TN 96846"
11,Debra Cobb,42,Engineering,2017-06-17,39770.55,garrisonjeffrey@yahoo.com,(433)036-5414x586,"14294 Daniel Mews Suite 569, South Rachelborough, AZ 93402"
12,Joseph Drake,42,HR,2018-12-22,33810.86,qjones@yahoo.com,+1-514-846-5648x236,"299 Sullivan Village Apt. 443, Floydmouth, NV 58455"
13,Kayla Leon,27,Engineering,2018-07-05,105511.96,zachary95@cardenas.com,320.037.9176,"676 Dylan Spurs, Port Michelleville, NE 29184"
14,Tyler Holmes,59,Engineering,2016-06-23,101677.19,bryantlaurie@schmidt.info,+1-868-727-7434x873,"434 Flores Plains, East Edwardfurt, FL 93092"
15,Jason Rivera,50,Marketing,2023-07-20,36858.49,clarkrobert@hotmail.com,001-096-705-4668x893,"7065 Ramsey Ville Suite 298, South Brittanytown, SD 56680"
16,Joel Williams,45,HR,2022-01-26,77443.86,shawnrogers@yahoo.com,641-708-0531x003,"232 Caldwell Port, South Holly, MN 22493"
17,Tracey Higgins,60,Engineering,2018-05-29,79848.45,lanesarah@hotmail.com,+1-663-193-1491x90586,"506 Garcia Lake, Zimmermanchester, VA 68887"
18,Debra Morton,25,HR,2024-10-11,87820.02,ugraham@hotmail.com,531-473-7996x507,"3545 Beard Squares, Angelahaven, CO 32136"
19,Katherine Chang,39,HR,2023-09-21,106255.18,fmcguire@yahoo.com,634.957.8856,"Unit 8557 Box 4443, DPO AE 95041"
20,Bryan Herrera,27,Sales,2018-10-09,51407.49,joannahill@bray.com,435.240.8240,"Unit 8427 Box 1094, DPO AA 63247"
21,Cody Williams,44,Finance,2023-10-01,60167.19,moralescharles@parks.com,318-699-9386,"9649 Chelsea Streets Apt. 334, East Johnside, GA 00851"
22,Michael Harrison,34,Support,2016-03-05,50362.89,jasmine71@hall.org,+1-361-832-4210x24994,"464 Kim Rapid Apt. 659, Anthonybury, OK 77456"
23,Yvonne Chambers,25,Marketing,2020-03-16,85322.94,thomaspearson@white-richards.info,756-551-2567,"071 King Crescent Suite 808, Gutierrezborough, MN 82110"
24,Lori Wolf,55,Support,2019-01-31,48257.04,sarakim@hotmail.com,109.324.8086x1317,"USNS Jimenez, FPO AP 38755"
25,Denise Davenport,50,Sales,2023-08-28,50645.04,yarnold@weeks.com,465-840-4499,"Unit 7278 Box 7558, DPO AP 49942"
26,Frank Lopez,56,Finance,2019-09-07,90038.35,melissajenkins@yahoo.com,001-766-270-2895x1718,"PSC 0262, Box 1745, APO AP 91295"
27,Bobby Murphy,24,Finance,2024-09-12,103071.25,courtney78@gmail.com,+1-134-316-1172x400,"5562 Amanda Port, East Gregory, MS 81727"
28,Kathleen Aguilar,41,Sales,2019-07-28,50435.38,steve07@yahoo.com,+1-821-759-4647x43671,"440 Hill Port Apt. 974, New Laurie, SC 25421"
29,Megan Le,34,Marketing,2017-12-12,108254.92,parkerscott@diaz.com,001-623-285-8842x4745,"23685 Krystal Bridge Suite 817, Emilyview, MS 84196"
30,Ashley Hall,41,Finance,2016-01-18,87266.67,deborahreid@yahoo.com,001-461-200-4711x382,"869 Nicole Shoal Apt. 796, Antoniostad, NV 58788"
31,Savannah Garcia,46,Support,2021-11-14,68590.93,sandersjames@gmail.com,139.005.3293x183,"2904 Vanessa Plains, Laurenville, AK 17776"
32,Richard Young,37,Finance,2021-02-16,48429.61,josephmartinez@fox-reese.info,589.178.3908x470,"6177 Rachel Islands Apt. 124, Oscarhaven, NH 66764"
33,Annette Miles,56,Marketing,2024-12-31,49960.45,ohayes@morgan-chavez.biz,001-156-545-2711x1161,"80988 Santiago Loop Suite 604, Michaelshire, IL 20781"
34,Courtney Rodriguez,58,Sales,2025-01-31,110293.17,farmeraudrey@yahoo.com,+1-998-094-0244,"PSC 5022, Box 9612, APO AP 83492"
35,Anna Moreno,46,Engineering,2022-01-08,45835.47,xpeterson@yahoo.com,001-599-102-2901x4767,"3815 Rodriguez Springs Suite 840, South Tracey, AL 27295"
36,Daniel Taylor,29,Marketing,2019-12-20,71884.0,david76@gmail.com,(683)885-1606,"9696 Roberts Lodge, West Georgemouth, UT 47929"
37,Ryan Sanchez,24,HR,2022-06-08,39519.93,vharrell@walker-maxwell.com,188.355.2312x43292,"77997 Lin Road, Edwardland, NV 83257"
38,Donald Brown,31,Support,2024-04-02,65105.2,steven00@decker-jones.com,+1-986-798-0793x597,"1518 Benjamin Station, Ritterhaven, RI 21308"
39,Thomas Hughes,25,Sales,2021-05-18,61253.83,cameron18@hughes.org,(519)254-6291,"528 Debbie Manors Suite 054, East Matthew, NM 25667"
40,Chad Jones,50,Marketing,2017-05-05,48884.34,nancy92@bennett.org,(706)537-9473,"3597 Hammond Tunnel Suite 886, Port James, DC 33269"
41,John Watson,56,HR,2017-05-14,89626.92,christopher24@whitehead-hernandez.biz,375-060-6853,"3051 Moody Dam, West Samanthafort, DC 92977"
42,Luis Bullock,28,Support,2015-12-12,109054.9,marydunn@hotmail.com,+1-861-434-1036x971,"808 Jennifer Highway Suite 095, New Robert, TN 11722"
43,Heather Ashley,38,Support,2024-11-16,57316.67,cmarks@hughes.com,531-952-0585,"772 Bryan Trail, Johnsonborough, WY 26645"
44,Emily Collins,39,Sales,2022-05-25,40024.99,benjamin34@yahoo.com,001-054-156-6765x27758,"616 Amy Islands, North Markport, NV 79487"
45,Carol Wallace,21,Support,2023-03-25,108206.03,christina64@whitney.biz,(820)297-0213x556,"USS Jacobs, FPO AP 59473"
46,Jacqueline Hines,37,Marketing,2025-05-21,97386.41,raymond43@johnson.info,681.447.3947x31217,"55188 Vance Vista Apt. 258, North Tracie, DC 31530"
47,Allison Spencer,53,HR,2021-11-24,107699.26,cherylmiller@yahoo.com,(786)691-2517x7852,"68018 Kevin Estates, Sarahbury, NC 37731"
48,Danielle Reid,40,Support,2024-12-28,73227.97,colleenmendez@gmail.com,299.229.9590x01094,"078 May Hollow Suite 364, Joneston, NV 54977"
49,Mr. Lawrence Edwards,33,Finance,2021-01-20,60521.82,xanderson@hotmail.com,+1-153-714-7321,"632 Peck Stravenue Suite 327, Jimenezport, AK 12303"
50,Kathy Levy,31,Marketing,2019-04-13,115582.48,williamstroy@hotmail.com,+1-748-016-2456x50609,"416 Duran Harbors Apt. 216, Lauramouth, MN 99455"
51,Lance Morales,54,HR,2016-04-22,81899.74,taylormason@stone-hernandez.net,(595)269-4958,"947 Micheal Spring Apt. 694, New Thomasshire, IN 95056"
52,John Warren,52,HR,2022-02-02,35627.43,anthonyvaughan@lee.com,(263)689-7028x38578,"8585 Bishop Fields, West Angela, ME 38381"
53,Melissa Burns,44,Engineering,2023-10-14,47747.97,keith98@yahoo.com,(524)041-5747x3384,"USNV Taylor, FPO AP 97611"
54,Dana Santiago,36,Marketing,2024-08-27,114960.2,briangutierrez@kennedy.net,(677)345-4019,"62067 Sharon Well, Nancytown, OK 79508"
55,William Mitchell,26,Support,2024-11-11,71169.09,melissamcdonald@gmail.com,527-420-5493,"8516 Jack Dam Suite 530, Patrickmouth, KY 43705"
56,Nathan Smith,25,Marketing,2021-09-27,97754.27,contrerassteven@sullivan.com,001-145-933-2727x956,"339 Alicia Pines Suite 191, Port Amyhaven, OK 70842"
57,Garrett Meyer,29,Support,2017-08-07,70151.83,gdavis@stokes-chavez.net,(790)874-0640x39106,"017 Justin Falls, Port Darlene, SD 55598"
58,Steven West,56,Finance,2022-01-16,50180.38,vegadorothy@hotmail.com,(512)868-2300,"Unit 7868 Box 6337, DPO AA 20833"
59,Timothy Hardy,59,Sales,2017-07-17,116614.48,bmendez@harris.org,7903067383,"84395 Young Wells, Lake Adriana, ME 36565"
60,Travis Hobbs,55,Support,2018-08-08,90537.43,wwilliams@hotmail.com,+1-685-662-4628x73342,"668 Paul Glens, West Deborah, MN 12620"
61,Sandra Williams,40,Sales,2022-01-14,119539.19,lopezkathleen@powers.com,033-173-9363x8546,"4587 Garcia Stravenue Suite 535, Robertshire, IN 97658"
62,Dean Donovan,44,Sales,2025-06-22,110463.34,elijah53@yahoo.com,001-378-547-7725,"80801 Kathy Loop Apt. 312, East Williamstad, RI 84089"
63,Lisa Webb,49,HR,2023-12-03,48551.03,patelrobert@moreno.net,086-211-8233x9845,"56793 Kevin Views Apt. 016, Bennettfort, SC 01739"
64,Angela Bruce,25,Engineering,2021-04-04,26998.25,hallrachel@clay.com,+1-489-025-0392x61429,"856 Krystal Spurs Apt. 850, South Jesseland, PA 80961"
65,Jennifer Ayala,56,Finance,2016-02-16,80901.81,whenry@hotmail.com,(629)619-4311x4262,"1104 Ward Groves Apt. 212, Coleside, MT 14039"
66,Hector Davis,21,HR,2021-02-20,92244.89,carterpaul@gmail.com,001-839-826-2244x4721,"4715 Raymond Stravenue Suite 993, Rodriguezport, MO 44045"
67,Jamie Atkins,24,Finance,2023-02-10,31403.03,pochoa@hotmail.com,(459)375-2654,"356 Velasquez Lock Suite 193, Lake Katrina, VA 61006"
68,Christine Salinas,23,Engineering,2016-10-18,31731.45,ttaylor@gmail.com,266-179-7968x868,"891 Kayla Shoals Suite 290, Rasmussenmouth, NE 14387"
69,David Dixon,36,Engineering,2024-06-12,88552.89,dbrooks@chapman.com,146.112.5457x3875,"751 Williams Station Apt. 051, Lake John, OH 21490"
70,Jeffery Murray,34,Marketing,2022-07-06,37569.63,daniellereynolds@mclaughlin.info,001-660-334-1918,"71478 Harper Ridge Suite 915, Meganburgh, TX 93036"
71,Tamara Lawrence,57,Marketing,2017-11-25,69903.75,allendaryl@yahoo.com,001-286-692-9662x782,"2257 Michelle Branch Suite 236, Ortizfort, VT 58677"
72,Bradley Johnson DDS,51,Sales,2020-08-03,43088.94,jeffrey42@cunningham-barton.info,+1-819-148-5807,"34074 Atkins Corners Suite 133, Michellechester, RI 18750"
73,Robin Trujillo,27,Support,2025-04-27,65949.86,candice25@hotmail.com,494-812-6042x2325,"2946 Hayes Roads Apt. 684, Shawnfort, OR 00825"
74,Sarah Davis,48,Sales,2023-06-03,69367.34,flynnraymond@yahoo.com,745.458.9297,"17012 Bryant Meadow, Lake Regina, SD 40067"
75,Timothy Hill,24,Support,2021-10-02,87078.27,watsonrebecca@gmail.com,6436110371,"700 Montoya Wall, Bensonfort, IN 50710"
76,Robert Garcia,27,HR,2021-11-15,63249.02,patrickli@gmail.com,+1-218-909-2753x2697,"21965 Edwards Dam, West Deanna, OH 79275"
77,Lisa Maxwell,42,HR,2016-01-29,48622.35,aprilhicks@hotmail.com,(403)761-3791x8055,"8271 Brenda Bridge Suite 300, Hunterhaven, MT 56019"
78,Angela Herrera,33,Marketing,2018-03-21,67618.29,collinswilliam@gmail.com,(856)914-6303,"79904 David Station Apt. 027, Alexandraview, MN 17138"
79,Shelley Quinn,48,Finance,2017-08-18,51461.79,lindsay48@baker.com,785.079.2524x1913,"03075 Mora Fall, New Lindachester, MD 33041"
80,Nathan Nelson,36,HR,2016-12-11,67097.42,shawrachel@gmail.com,806.174.4518,"49493 Richardson Park Apt. 832, South Andrewside, SC 91394"
81,Tiffany Smith,56,HR,2022-01-09,29805.89,harristonya@yahoo.com,024.103.8657x1918,"99062 Kelly Vista Suite 655, Nelsonland, DC 77139"
82,Brian Cole,55,HR,2020-12-18,117054.64,herreratami@gmail.com,474.112.4903x521,"8044 Anthony Lodge Suite 883, South Curtisberg, AL 08584"
83,Vickie Anderson,36,Finance,2022-06-09,63609.34,aguilarjonathan@gmail.com,1372151070,"670 Vega Extensions Suite 324, Seanberg, RI 81657"
84,Maria Porter,51,Finance,2024-12-27,107141.79,millerpatrick@yahoo.com,838.065.7875,"PSC 8564, Box 2059, APO AE 04341"
85,Paula Brown,24,Finance,2023-08-24,61002.45,terrigarcia@hotmail.com,480.396.5223,"059 Anna Field Suite 842, Johnsonton, PA 29180"
86,John Rivera,45,Engineering,2019-01-18,113019.22,jennifer50@hernandez.com,001-185-156-9154x52267,"895 Elizabeth Via, South Kurt, LA 17192"
87,Aaron Miles,50,Engineering,2025-05-14,65185.71,whitelucas@hotmail.com,917.251.3552,"570 Clark Square, West Jonathanville, AL 06811"
88,Nicholas Costa,56,Support,2022-08-31,93248.79,ybell@gmail.com,932.710.4054x1152,"181 Wheeler Ridges, Bushchester, GA 80103"
89,Brooke Garcia,30,Finance,2019-02-13,53187.24,uterry@fernandez.com,6987205061,"10324 Thomas Crescent Suite 677, Christopherside, HI 49131"
90,Jaclyn Griffin,24,Marketing,2020-02-07,94895.03,rbaker@hotmail.com,2115869380,"793 Evans Locks Apt. 898, North Stacy, HI 22411"
91,Rhonda Martinez,24,Support,2022-10-28,54792.46,oharris@flowers.com,001-116-868-5487x0998,"2299 Sara Port, Port Justinside, MI 54357"
92,Matthew Armstrong,24,Marketing,2023-09-02,70294.91,joshuathomas@becker.com,001-307-450-5444x713,"4691 Scott View Suite 785, New Laceyland, VT 66927"
93,Richard Warren,54,Finance,2025-04-18,30403.56,jameswhitaker@wright.com,(345)786-1035x797,"855 Mary Green Apt. 406, East Melissaborough, IN 85354"
94,Daniel Pearson,53,HR,2024-05-09,105877.54,wellsdavid@burke.com,944-665-7437x489,"85899 Evans Coves, Brownview, MD 36792"
95,Michael Stafford,25,Marketing,2020-09-14,31456.28,zacharyallen@trujillo.biz,+1-520-744-6660x99353,"584 Mary Wells Apt. 417, Lake Jonathan, OH 24496"
96,Stephanie Pena,36,Sales,2019-05-28,36389.23,julieparker@yahoo.com,(494)717-0999x173,"460 Derrick Flats Suite 697, West Michelle, WI 11093"
97,Mr. Christopher Walters,57,Finance,2015-09-14,79997.31,jason29@gmail.com,129.666.6760x0835,"USNV Sherman, FPO AP 25480"
98,Aaron Gross,23,Marketing,2019-06-21,32788.42,david68@hotmail.com,210-447-8985x6257,"60332 Jessica Radial, North Michael, WY 05398"
99,Martin Wise,58,Marketing,2016-06-12,74664.36,valdezandrew@wilson.com,230.461.8499x2618,"1173 Kimberly Village, West Jade, GA 05665"
100,Susan Watts,37,Finance,2023-10-19,88623.97,aaronpowers@gmail.com,001-721-811-4374,"20455 Rodgers Court, North Melissaburgh, MI 57873"
